<?xml version="1.1" encoding="UTF-8"?>
<expression:EMFExpression xmi:version="2.0" xmlns:xmi="http://www.omg.org/XMI" xmlns:expression="http:///expression.ecore" id="tMap_1=>" expression="row1.Region.equals(&quot;Asia&quot;)">
  <variables name="row1.Region" value="null" talendType="id_String" nullable="true"/>
  <variables name="row1.Country" value="null" talendType="id_String" nullable="true"/>
  <variables name="row1.Item_Type" value="null" talendType="id_String" nullable="true"/>
  <variables name="row1.Sales_Channel" value="null" talendType="id_String" nullable="true"/>
  <variables name="row1.Order_Priority" value="null" talendType="id_Character" nullable="true"/>
  <variables name="row1.Order_Date" value="null" talendType="id_String" nullable="true"/>
  <variables name="row1.Order_ID" value="null" talendType="id_Integer" nullable="true"/>
  <variables name="row1.Ship_Date" value="null" talendType="id_String" nullable="true"/>
  <variables name="row1.Units_Sold" value="null" talendType="id_Integer" nullable="true"/>
  <variables name="row1.Unit_Price" value="null" talendType="id_Float" nullable="true"/>
  <variables name="row1.Unit_Cost" value="null" talendType="id_Float" nullable="true"/>
  <variables name="row1.percentage" value="null" talendType="id_Float" nullable="true"/>
  <variables name="row2.Name" value="null" talendType="id_String" nullable="true"/>
  <variables name="row2.SalesChannel" value="null" talendType="id_String" nullable="true"/>
  <variables name="row2.Order_Id" value="null" talendType="id_Integer" nullable="true"/>
</expression:EMFExpression>
