<?xml version="1.1" encoding="UTF-8"?>
<expression:EMFExpression xmi:version="2.0" xmlns:xmi="http://www.omg.org/XMI" xmlns:expression="http:///expression.ecore" id="tMap_2=>" expression="(row5.Units_Sold*row5.Unit_Cost*100)/(row5.tUnit_Cost*row5.tUnit_Sold)">
  <variables name="row5.Region" value="null" talendType="id_String" nullable="true"/>
  <variables name="row5.Country" value="null" talendType="id_String" nullable="true"/>
  <variables name="row5.Item_Type" value="null" talendType="id_String" nullable="true"/>
  <variables name="row5.Sales_Channel" value="null" talendType="id_String" nullable="true"/>
  <variables name="row5.Order_Priority" value="null" talendType="id_Character" nullable="true"/>
  <variables name="row5.Order_Date" value="null" talendType="id_String" nullable="true"/>
  <variables name="row5.Order_ID" value="null" talendType="id_Integer" nullable="true"/>
  <variables name="row5.Ship_Date" value="null" talendType="id_String" nullable="true"/>
  <variables name="row5.Units_Sold" value="null" talendType="id_Integer" nullable="true"/>
  <variables name="row5.Unit_Price" value="null" talendType="id_Float" nullable="true"/>
  <variables name="row5.Unit_Cost" value="null" talendType="id_Float" nullable="true"/>
  <variables name="row5.tUnit_Sold" value="null" talendType="id_Float" nullable="true"/>
  <variables name="row5.tUnit_Cost" value="null" talendType="id_Float" nullable="true"/>
  <variables name="row5.percentage" value="null" talendType="id_Float" nullable="true"/>
</expression:EMFExpression>
