"Sri Lanka";"Jack";"Asia"
"Taiwan";"";"Asia"
"Singapore";"Johny";"Asia"
"Vietnam";"";"Asia"
"Turkmenistan";"";"Asia"
"China";"";"Asia"
"Malaysia";"";"Asia"
"India";"Feriha";"Asia"
"Kazakhstan";"";"Asia"
"Brunei";"";"Asia"
"South Korea";"";"Asia"
"Indonesia";"";"Asia"
"Thailand";"";"Asia"
"Nepal";"";"Asia"
"Taiwan";"";"Asia"
"Japan";"";"Asia"
"Thailand";"";"Asia"
"Indonesia";"";"Asia"
"Turkmenistan";"";"Asia"
"Sri Lanka";"Nobita";"Asia"
"South Korea";"";"Asia"
"Kazakhstan";"";"Asia"
"Myanmar";"";"Asia"
"Myanmar";"";"Asia"
"Mongolia";"";"Asia"
"Cambodia";"";"Asia"
"South Korea";"";"Asia"
"Bhutan";"";"Asia"
"Cambodia";"";"Asia"
"Bhutan";"";"Asia"
"Uzbekistan";"";"Asia"
"Indonesia";"";"Asia"
"Bangladesh";"";"Asia"
"Bangladesh";"";"Asia"
"Laos";"";"Asia"
"Sri Lanka";"";"Asia"
"Brunei";"";"Asia"
"Sri Lanka";"";"Asia"
"Malaysia";"";"Asia"
"Kazakhstan";"";"Asia"
"Mongolia";"";"Asia"
"India";"";"Asia"
"Uzbekistan";"";"Asia"
"Cambodia";"";"Asia"
"Bhutan";"";"Asia"
"North Korea";"";"Asia"
"China";"";"Asia"
"Uzbekistan";"";"Asia"
"Kyrgyzstan";"";"Asia"
"Brunei";"";"Asia"
